{"cameraMode":{"drawMode":2,"name":"Shaded Wireframe","section":"Shading Mode"},"sceneLighting":true,"audioPlay":false,"sceneViewState":{"showFog":true,"showMaterialUpdate":true,"showSkybox":true,"showFlares":true,"showImageEffects":true,"showParticleSystems":true},"in2DMode":false,"pivot":{"x":863.9722900390625,"y":330.9525451660156,"z":-0.9672926664352417},"rotation":{"x":0.0014987128088250757,"y":0.0033133351244032385,"z":0.00015893969975877553,"w":1.000091552734375},"size":133.2747039794922,"orthographic":false}