{"cameraMode":{"drawMode":0,"name":"Shaded","section":"Shading Mode"},"sceneLighting":false,"audioPlay":false,"sceneViewState":{"showFog":true,"showMaterialUpdate":true,"showSkybox":false,"showFlares":true,"showImageEffects":true,"showParticleSystems":true},"in2DMode":false,"pivot":{"x":538.4039306640625,"y":224.5,"z":18.652130126953126},"rotation":{"x":-0.5025337338447571,"y":-0.0007792454562149942,"z":0.0004614658828359097,"w":-0.8646103739738464},"size":268.6005554199219,"orthographic":false}