{"cameraMode":{"drawMode":2,"name":"Shaded Wireframe","section":"Shading Mode"},"sceneLighting":true,"audioPlay":false,"sceneViewState":{"showFog":true,"showMaterialUpdate":true,"showSkybox":true,"showFlares":true,"showImageEffects":true,"showParticleSystems":true},"in2DMode":false,"pivot":{"x":53.765296936035159,"y":47.00102233886719,"z":-8.674911499023438},"rotation":{"x":-0.04648789390921593,"y":0.006298521067947149,"z":0.00045880305697210133,"w":0.9990006685256958},"size":122.19556427001953,"orthographic":false}