{"cameraMode":{"drawMode":2,"name":"Shaded Wireframe","section":"Shading Mode"},"sceneLighting":true,"audioPlay":false,"sceneViewState":{"showFog":true,"showMaterialUpdate":true,"showSkybox":true,"showFlares":true,"showImageEffects":true,"showParticleSystems":true},"in2DMode":false,"pivot":{"x":536.3035278320313,"y":221.88870239257813,"z":24.301025390625},"rotation":{"x":-0.04648789390921593,"y":0.006298521067947149,"z":0.00045880305697210133,"w":0.9990006685256958},"size":232.23936462402345,"orthographic":false}