{"cameraMode":{"drawMode":2,"name":"Shaded Wireframe","section":"Shading Mode"},"sceneLighting":true,"audioPlay":false,"sceneViewState":{"showFog":true,"showMaterialUpdate":true,"showSkybox":true,"showFlares":true,"showImageEffects":true,"showParticleSystems":true},"in2DMode":false,"pivot":{"x":805.1154174804688,"y":338.6588439941406,"z":31.406829833984376},"rotation":{"x":0.01049322821199894,"y":-0.020684916526079179,"z":0.0003811809001490474,"w":0.9998288154602051},"size":120.65189361572266,"orthographic":false}