{"cameraMode":{"drawMode":0,"name":"Shaded","section":"Shading Mode"},"sceneLighting":false,"audioPlay":false,"sceneViewState":{"showFog":true,"showMaterialUpdate":true,"showSkybox":false,"showFlares":true,"showImageEffects":true,"showParticleSystems":true},"in2DMode":false,"pivot":{"x":-178.6973876953125,"y":91.5891342163086,"z":-270.8459167480469},"rotation":{"x":0.47374600172042849,"y":0.004271620884537697,"z":-0.0022045851219445469,"w":0.8807454109191895},"size":22.0,"orthographic":false}