{"cameraMode":{"drawMode":2,"name":"Shaded Wireframe","section":"Shading Mode"},"sceneLighting":true,"audioPlay":false,"sceneViewState":{"showFog":true,"showMaterialUpdate":true,"showSkybox":true,"showFlares":true,"showImageEffects":true,"showParticleSystems":true},"in2DMode":false,"pivot":{"x":865.1581420898438,"y":294.53948974609377,"z":-100.25750732421875},"rotation":{"x":0.32123398780822756,"y":0.0017704342026263476,"z":-0.00042421740363352,"w":0.9471056461334229},"size":208.6623077392578,"orthographic":false}