{"cameraMode":{"drawMode":2,"name":"Shaded Wireframe","section":"Shading Mode"},"sceneLighting":false,"audioPlay":false,"sceneViewState":{"showFog":true,"showMaterialUpdate":true,"showSkybox":false,"showFlares":true,"showImageEffects":true,"showParticleSystems":true},"in2DMode":false,"pivot":{"x":0.6522097587585449,"y":0.39949721097946169,"z":-0.08310365676879883},"rotation":{"x":-0.07185499370098114,"y":0.04816136881709099,"z":0.003641958348453045,"w":0.9963470101356506},"size":3.933443307876587,"orthographic":false}