{"cameraMode":{"drawMode":2,"name":"Shaded Wireframe","section":"Shading Mode"},"sceneLighting":false,"audioPlay":false,"sceneViewState":{"showFog":true,"showMaterialUpdate":true,"showSkybox":false,"showFlares":true,"showImageEffects":true,"showParticleSystems":true},"in2DMode":false,"pivot":{"x":-0.10774779319763184,"y":5.0,"z":-0.3880128860473633},"rotation":{"x":0.058470845222473147,"y":0.0033166776411235334,"z":-0.000032722346077207476,"w":0.9983842968940735},"size":9.744743347167969,"orthographic":false}