{"cameraMode":{"drawMode":2,"name":"Shaded Wireframe","section":"Shading Mode"},"sceneLighting":true,"audioPlay":false,"sceneViewState":{"showFog":true,"showMaterialUpdate":true,"showSkybox":true,"showFlares":true,"showImageEffects":true,"showParticleSystems":true},"in2DMode":false,"pivot":{"x":520.5755004882813,"y":255.84054565429688,"z":37.186614990234378},"rotation":{"x":0.05995825678110123,"y":0.021285362541675569,"z":-0.001104683498851955,"w":0.9980762004852295},"size":260.0312194824219,"orthographic":false}