{"cameraMode":{"drawMode":2,"name":"Shaded Wireframe","section":"Shading Mode"},"sceneLighting":true,"audioPlay":false,"sceneViewState":{"showFog":true,"showMaterialUpdate":true,"showSkybox":true,"showFlares":true,"showImageEffects":true,"showParticleSystems":true},"in2DMode":false,"pivot":{"x":607.8857421875,"y":-0.5766119956970215,"z":-0.23882555961608888},"rotation":{"x":0.3670353591442108,"y":-0.16849792003631593,"z":0.06797049939632416,"w":0.912398099899292},"size":2.562181234359741,"orthographic":false}