{"cameraMode":{"drawMode":0,"name":"Shaded","section":"Shading Mode"},"sceneLighting":false,"audioPlay":false,"sceneViewState":{"showFog":true,"showMaterialUpdate":true,"showSkybox":false,"showFlares":true,"showImageEffects":true,"showParticleSystems":true},"in2DMode":false,"pivot":{"x":185.60130310058595,"y":-88.53689575195313,"z":274.498046875},"rotation":{"x":0.3269040286540985,"y":0.003105731448158622,"z":-0.0011416099732741714,"w":0.9451384544372559},"size":22.0,"orthographic":false}