{"cameraMode":{"drawMode":2,"name":"Shaded Wireframe","section":"Shading Mode"},"sceneLighting":true,"audioPlay":false,"sceneViewState":{"showFog":true,"showMaterialUpdate":true,"showSkybox":true,"showFlares":true,"showImageEffects":true,"showParticleSystems":true},"in2DMode":false,"pivot":{"x":977.6112670898438,"y":331.9246520996094,"z":32.50108337402344},"rotation":{"x":0.058470845222473147,"y":0.0033166776411235334,"z":-0.000032722346077207476,"w":0.9983842968940735},"size":137.43386840820313,"orthographic":false}