{"cameraMode":{"drawMode":0,"name":"Shaded","section":"Shading Mode"},"sceneLighting":false,"audioPlay":false,"sceneViewState":{"showFog":true,"showMaterialUpdate":true,"showSkybox":false,"showFlares":true,"showImageEffects":true,"showParticleSystems":true},"in2DMode":false,"pivot":{"x":6.903923988342285,"y":2.952239990234375,"z":3.6521291732788088},"rotation":{"x":-0.07623413950204849,"y":-0.07113906741142273,"z":0.005457167513668537,"w":-0.9945793151855469},"size":23.334524154663087,"orthographic":false}